"","rcc","gcc","bcc","brt","night.filtered","max.filtered","doy","time","DATE_POSIX"
"1",0.408092551468194,0.322407051502576,0.268887124531419,302.533715868194,0.322407051502576,0.322501533144793,2016-04-01,2016-07-19,2016-04-01
"2",0.428565871355304,0.314751290747317,0.256465441743189,305.205360497193,0.314751290747317,0.322501533144793,2016-04-02,2016-07-19,2016-04-02
"3",0.395196985808605,0.318112528682019,0.285565886074855,281.208882741616,0.318112528682019,0.325286855348632,2016-04-03,2016-07-19,2016-04-03
"4",0.350634913388252,0.324670328858948,0.324421671815057,317.907967755439,0.324670328858948,0.325286855348632,2016-04-04,2016-07-19,2016-04-04
"5",0.406820842512659,0.319335490456673,0.273405667748844,274.481776180305,0.319335490456673,0.325286855348632,2016-04-05,2016-07-19,2016-04-05
"6",0.415309739902699,0.318443215011753,0.266698576336374,275.092263789579,0.318443215011753,0.322452713653817,2016-04-06,2016-07-19,2016-04-06
"7",0.402399742168593,0.320953293729145,0.277439449969804,289.897795108726,0.320953293729145,0.322452713653817,2016-04-07,2016-07-19,2016-04-07
"8",0.414551721309,0.318991164411268,0.266320109781083,301.433105724069,0.318991164411268,0.322452713653817,2016-04-08,2016-07-19,2016-04-08
"9",0.43187490784175,0.318096141281633,0.249682265866545,290.202269141183,0.318096141281633,0.319840227811177,2016-04-09,2016-07-19,2016-04-09
"10",0.432903939291875,0.317302160054137,0.249270178198091,288.488299309505,0.317302160054137,0.321030515278392,2016-04-10,2016-07-19,2016-04-10
"11",0.413637791748397,0.320937683287292,0.265375206926768,298.566291645518,0.320937683287292,0.321030515278392,2016-04-11,2016-07-19,2016-04-11
"12",0.423405102443447,0.317410124325702,0.258050200659312,303.791259865581,0.317410124325702,0.321030515278392,2016-04-12,2016-07-19,2016-04-12
"13",0.439733155108734,0.31793742973078,0.243879118417249,278.044596183954,0.31793742973078,0.319504444653458,2016-04-13,2016-07-19,2016-04-13
"14",0.437137616032794,0.318116580636484,0.24528091806378,279.043792676737,0.318116580636484,0.319504444653458,2016-04-14,2016-07-19,2016-04-14
"15",0.437455990931327,0.31870125959528,0.244429937722196,279.419165487218,0.31870125959528,0.319633124313261,2016-04-15,2016-07-19,2016-04-15
"16",0.438366252077896,0.317565568364683,0.244002258278764,286.262486180136,0.317565568364683,0.320074563006613,2016-04-16,2016-07-19,2016-04-16
"17",0.442635653623939,0.31849601519263,0.239447137404908,281.034329999187,0.31849601519263,0.320630229785025,2016-04-17,2016-07-19,2016-04-17
"18",0.440045252096775,0.32041286208272,0.239779324948697,287.842101631396,0.32041286208272,0.320944084067182,2016-04-18,2016-07-19,2016-04-18
"19",0.429385048169943,0.319971274597226,0.249258603950913,294.293465676901,0.319971274597226,0.320944084067182,2016-04-19,2016-07-19,2016-04-19
"20",0.439756914493799,0.318408259934485,0.242643196396465,279.835785512642,0.318408259934485,0.320641111268365,2016-04-20,2016-07-19,2016-04-20
"21",0.441716360073502,0.319510953609265,0.238772686317233,284.694822132024,0.319510953609265,0.322682174836772,2016-04-21,2016-07-19,2016-04-21
"22",0.440509365348534,0.321991858689119,0.237535004120447,293.830614851696,0.321991858689119,0.322682174836772,2016-04-22,2016-07-19,2016-04-22
"23",0.439344560377258,0.320363653928739,0.239766510510478,287.787874094713,0.320363653928739,0.322682174836772,2016-04-23,2016-07-19,2016-04-23
"24",0.43697877339842,0.319336249468444,0.243381178315431,284.140704234207,0.319336249468444,0.322518657080372,2016-04-24,2016-07-19,2016-04-24
"25",0.418175785302936,0.322250036977926,0.260254307639144,290.424576893647,0.322250036977926,0.322518657080372,2016-04-25,2016-07-19,2016-04-25
"26",0.430006907590044,0.317057612997927,0.252931887790054,311.689803278739,0.317057612997927,0.322518657080372,2016-04-26,2016-07-19,2016-04-26
"27",0.443838940381624,0.318995201727816,0.238436125803709,278.665004960584,0.318995201727816,0.321339990157769,2016-04-27,2016-07-19,2016-04-27
"28",0.435392444008909,0.320731647697718,0.244092104445268,290.783956230324,0.320731647697718,0.321970800615587,2016-04-28,2016-07-19,2016-04-28
"29",0.438553463247439,0.321152663657056,0.240346328575848,298.806057279024,0.321152663657056,0.322067860465113,2016-04-29,2016-07-19,2016-04-29
"30",0.440371638028638,0.321121489939911,0.238506872031451,280.010161912838,0.321121489939911,0.322375089684416,2016-04-30,2016-07-19,2016-04-30
"31",0.422550204082339,0.321966865591775,0.255444917227834,298.385499454873,0.321966865591775,0.322338059730596,2016-05-01,2016-07-19,2016-05-01
"32",0.431376225555817,0.317667239254257,0.251768110049617,316.23152661771,0.317667239254257,0.322624744367718,2016-05-02,2016-07-19,2016-05-02
"33",0.418395080993536,0.321376642884596,0.259389925930851,302.100927560144,0.321376642884596,0.324280973676701,2016-05-03,2016-07-19,2016-05-03
"34",0.414358949090739,0.323340846605926,0.262447882694508,301.426466055654,0.323340846605926,0.324280973676701,2016-05-04,2016-07-19,2016-05-04
"35",0.41838866872715,0.322011174879325,0.259513192345958,295.957059899623,0.322011174879325,0.323498607665928,2016-05-05,2016-07-19,2016-05-05
"36",0.43086395845924,0.322626594172683,0.245873442006745,288.133262591985,0.322626594172683,0.323498607665928,2016-05-06,2016-07-19,2016-05-06
"37",0.421517003086658,0.32328220321058,0.25506144625027,299.362884713582,0.32328220321058,0.324185052148027,2016-05-07,2016-07-19,2016-05-07
"38",0.420418370693932,0.322190112460237,0.257563489321634,311.493519039594,0.322190112460237,0.324185052148027,2016-05-08,2016-07-19,2016-05-08
"39",0.447019436517344,0.322518212366793,0.232232959561515,287.789663585022,0.322518212366793,0.324333205468886,2016-05-09,2016-07-19,2016-05-09
"40",0.445479679041221,0.323715836240801,0.230465351362338,292.098333029207,0.323715836240801,0.326636159938966,2016-05-10,2016-07-19,2016-05-10
"41",0.452322760292095,0.326394628132974,0.220899978624475,281.440840247738,0.326394628132974,0.334024164613297,2016-05-11,2016-07-19,2016-05-11
"42",0.458990355705963,0.333937126064715,0.207420656316657,278.88957602727,0.333937126064715,0.343777293255499,2016-05-12,2016-07-19,2016-05-12
"43",0.441887517530328,0.342188313571893,0.215092910841864,287.696363209797,0.342188313571893,0.346158040244324,2016-05-13,2016-07-19,2016-05-13
"44",0.452889828885641,0.345176324460206,0.20111712780015,289.313142403253,0.345176324460206,0.348604065024545,2016-05-14,2016-07-19,2016-05-14
"45",0.459847615014909,0.348292900492175,0.191067741579046,277.616282368384,0.348292900492175,0.348604065024545,2016-05-15,2016-07-19,2016-05-15
"46",0.452436100160971,0.346656458764045,0.200427112467277,285.944679141474,0.346656458764045,0.350799477418551,2016-05-16,2016-07-19,2016-05-16
"47",0.455812945516713,0.35076497884849,0.192432376617915,284.638489222423,0.35076497884849,0.353929366183822,2016-05-17,2016-07-19,2016-05-17
"48",0.470709538878333,0.35381623890845,0.175474222213218,291.388190590685,0.35381623890845,0.361155495380186,2016-05-18,2016-07-19,2016-05-18
"49",0.467130197378689,0.359924205277017,0.173659670532495,275.686557048246,0.359924205277017,0.36298629133599,2016-05-19,2016-07-19,2016-05-19
"50",0.477184560961612,0.360568424526533,0.161075640238324,280.369127228621,0.360568424526533,0.370763774548408,2016-05-20,2016-07-19,2016-05-20
"51",0.461977339826499,0.370240319570999,0.168923157825129,279.088378126816,0.370240319570999,0.377445134224849,2016-05-21,2016-07-19,2016-05-21
"52",0.455110508684267,0.377251068432714,0.169223934572575,276.837205450968,0.377251068432714,0.387781427277791,2016-05-22,2016-07-19,2016-05-22
"53",0.452970187001475,0.38658831754633,0.160441495452194,278.303408312006,0.38658831754633,0.393889678695426,2016-05-23,2016-07-19,2016-05-23
"54",0.430291783164517,0.393271808389251,0.175624639728223,268.721262733059,0.393271808389251,0.401878440576608,2016-05-24,2016-07-19,2016-05-24
"55",0.439990189463386,0.400875460840441,0.158777788291747,267.22206394016,0.400875460840441,0.411480155467841,2016-05-25,2016-07-19,2016-05-25
"56",0.424329616468426,0.411110372418782,0.164560011112791,264.198073729454,0.411110372418782,0.419362168443485,2016-05-26,2016-07-19,2016-05-26
"57",0.411602554327896,0.418772389853158,0.170123739758829,264.036607114106,0.418772389853158,0.423189300588929,2016-05-27,2016-07-19,2016-05-27
"58",0.406138107584811,0.423024070439132,0.170461118370567,265.676280129604,0.423024070439132,0.423189300588929,2016-05-28,2016-07-19,2016-05-28
"59",0.40276735940454,0.420555915680207,0.181099747412423,270.363677486924,0.420555915680207,0.42564264791517,2016-05-29,2016-07-19,2016-05-29
"60",0.398718903244822,0.424874851380598,0.176328589528527,268.952485735447,0.424874851380598,0.425803453109517,2016-05-30,2016-07-19,2016-05-30
"61",0.401599503713276,0.423408784674098,0.174991711612626,268.560777500571,0.423408784674098,0.425803453109517,2016-05-31,2016-07-19,2016-05-31
"62",0.402678115521896,0.418593689690525,0.178059633042397,275.900818994665,0.418593689690525,0.424317992379529,2016-06-01,2016-07-19,2016-06-01
"63",0.399618944013371,0.418165359775577,0.181059497486262,267.622578552798,0.418165359775577,0.422114879392604,2016-06-02,2016-07-19,2016-06-02
"64",0.38954420133074,0.42153861541498,0.187926685628551,276.409593937507,0.42153861541498,0.42194684075986,2016-06-03,2016-07-19,2016-06-03
"65",0.399292821676616,0.415988767275904,0.186350055538517,269.610748289097,0.415988767275904,0.422802448534872,2016-06-04,2016-07-19,2016-06-04
"66",0.380028387298198,0.420453670676847,0.199728608218951,274.74575436907,0.420453670676847,0.42202218855412,2016-06-05,2016-07-19,2016-06-05
"67",0.391900812981306,0.416638625522916,0.190985478414269,270.880234489167,0.416638625522916,0.42202218855412,2016-06-06,2016-07-19,2016-06-06
"68",0.394100400745502,0.415131605995313,0.192458146029384,271.857693351591,0.415131605995313,0.417092964606234,2016-06-07,2016-07-19,2016-06-07
"69",0.387035619058371,0.410856457756587,0.203114777629792,275.148136675964,0.410856457756587,0.415378511013117,2016-06-08,2016-07-19,2016-06-08
"70",0.385560310908689,0.409505059857644,0.203813238478547,281.034264062526,0.409505059857644,0.413311742061647,2016-06-09,2016-07-19,2016-06-09
"71",0.38629890157823,0.408359723252657,0.205341375169113,275.637124486882,0.408359723252657,0.416711838801881,2016-06-10,2016-07-19,2016-06-10
"72",0.382405552703847,0.414740619334525,0.203075420158951,277.078978319106,0.414740619334525,0.416711838801881,2016-06-11,2016-07-19,2016-06-11
"73",0.3866669865085,0.410894849854068,0.202304973426769,275.234194752362,0.410894849854068,0.416711838801881,2016-06-12,2016-07-19,2016-06-12
"74",0.384428653218247,0.406648345291947,0.2093947545091,279.267827049672,0.406648345291947,0.412224729667556,2016-06-13,2016-07-19,2016-06-13
"75",0.387627905113288,0.409863034034934,0.202268880133117,277.304765380493,0.409863034034934,0.41114116832678,2016-06-14,2016-07-19,2016-06-14
"76",0.391488914829852,0.407759170510212,0.200382139235832,282.691260018922,0.407759170510212,0.41005159659453,2016-06-15,2016-07-19,2016-06-15
"77",0.393408843008072,0.405148608351402,0.202378473796354,279.43909675975,0.405148608351402,0.408170746759802,2016-06-16,2016-07-19,2016-06-16
"78",0.389303704516654,0.404994020485406,0.206677768862111,279.346110733722,0.404994020485406,0.407482215762596,2016-06-17,2016-07-19,2016-06-17
"79",0.388402804597392,0.406719115316979,0.210387329731393,281.249502791574,0.406719115316979,0.407482215762596,2016-06-18,2016-07-19,2016-06-18
"80",0.394370282774871,0.404754975974278,0.200414491774702,275.413539403289,0.404754975974278,0.407433333543698,2016-06-19,2016-07-19,2016-06-19
"81",0.393459538554556,0.405382137459901,0.201059327022602,275.331498862976,0.405382137459901,0.405963674241388,2016-06-20,2016-07-19,2016-06-20
"82",0.391098247829116,0.404797280755448,0.204104471415436,275.915978293038,0.404797280755448,0.406974847500325,2016-06-21,2016-07-19,2016-06-21
"83",0.385255814680267,0.406438605684273,0.20749482797224,281.122177565895,0.406438605684273,0.40683814280034,2016-06-22,2016-07-19,2016-06-22
"84",0.392644628704401,0.403095795661329,0.203445494152547,273.90310991028,0.403095795661329,0.40683814280034,2016-06-23,2016-07-19,2016-06-23
"85",0.392578540448606,0.402942659914416,0.203754727351463,276.453704030263,0.402942659914416,0.404582022558344,2016-06-24,2016-07-19,2016-06-24
"86",0.391075545311144,0.401914390250192,0.207037390826534,282.096641677183,0.401914390250192,0.403991978746955,2016-06-25,2016-07-19,2016-06-25
"87",0.394632339701212,0.402377199366704,0.202831903859006,278.064251442556,0.402377199366704,0.403551729828372,2016-06-26,2016-07-19,2016-06-26
"88",0.394160328543403,0.40205727876103,0.205521320002654,275.582390924662,0.40205727876103,0.404223933779797,2016-06-27,2016-07-19,2016-06-27
"89",0.381426706750284,0.40369114163294,0.215346099027621,284.167644727137,0.40369114163294,0.404223933779797,2016-06-28,2016-07-19,2016-06-28
"90",0.39303014917661,0.402562704159192,0.204284958433864,275.88588817449,0.402562704159192,0.404223933779797,2016-06-29,2016-07-19,2016-06-29
"91",0.375589300630907,0.400015607239055,0.224449332553191,275.412001392337,0.400015607239055,0.403161979874678,2016-06-30,2016-07-19,2016-06-30
"92",0.394676384877414,0.399487765663214,0.206623212475646,278.173017798298,0.399487765663214,0.402810910243071,2016-07-01,2016-07-19,2016-07-01
"93",0.390333379645487,0.401442631623211,0.207973949284049,281.850768468782,0.401442631623211,0.401890107646471,2016-07-02,2016-07-19,2016-07-02
"94",0.391185759974741,0.40028783180749,0.208487589326456,282.474038589814,0.40028783180749,0.402292219809268,2016-07-03,2016-07-19,2016-07-03
"95",0.388074605716048,0.400554321512095,0.210814239838267,278.751700935841,0.400554321512095,0.401286094289695,2016-07-04,2016-07-19,2016-07-04
"96",0.386169018670838,0.400532728305131,0.215385039457456,281.327211446604,0.400532728305131,0.401490624508963,2016-07-05,2016-07-19,2016-07-05
"97",0.393955036582037,0.400627567491939,0.205210191066188,277.268615222782,0.400627567491939,0.401537224740012,2016-07-06,2016-07-19,2016-07-06
"98",0.389529190779731,0.400742454841097,0.208846495420558,271.852308013144,0.400742454841097,0.401537224740012,2016-07-07,2016-07-19,2016-07-07
"99",0.392399321024481,0.398558273520462,0.2090801748814,280.962965064304,0.398558273520462,0.404522621058402,2016-07-08,2016-07-19,2016-07-08
"100",0.37850374677466,0.402734290960864,0.220843779514233,282.877247405086,0.402734290960864,0.405368367078689,2016-07-09,2016-07-19,2016-07-09
"101",0.38602078626107,0.401081750512499,0.213588320639785,282.730016974857,0.401081750512499,0.405368367078689,2016-07-10,2016-07-19,2016-07-10
"102",0.380346396944095,0.396653933721514,0.222999669334391,275.767163849536,0.396653933721514,0.401483425370118,2016-07-11,2016-07-19,2016-07-11
"103",0.393626908272691,0.399211568003297,0.207161523724012,270.075164726647,0.399211568003297,0.40029243853225,2016-07-12,2016-07-19,2016-07-12
"104",0.392715977099936,0.398095435478058,0.209034869649896,280.761602168856,0.398095435478058,0.400771178673428,2016-07-13,2016-07-19,2016-07-13
"105",0.387839766345849,0.400002228790404,0.212559176021631,280.609012468163,0.400002228790404,0.400771178673428,2016-07-14,2016-07-19,2016-07-14
"106",0.39075832489346,0.397747608002601,0.211946216038597,280.841181584964,0.397747608002601,0.40027320638533,2016-07-15,2016-07-19,2016-07-15
"107",0.390146777591839,0.399287231858015,0.212312972021823,283.646001401537,0.399287231858015,0.3998582137841,2016-07-16,2016-07-19,2016-07-16
"108",0.391695127117765,0.397098576848002,0.211206296034233,281.1302034376,0.397098576848002,0.399882312667391,2016-07-17,2016-07-19,2016-07-17
"109",0.392064082324773,0.39782455607187,0.212647028249684,280.835733376678,0.39782455607187,0.399461828497236,2016-07-18,2016-07-19,2016-07-18
"110",0.386904148939445,0.396533665788298,0.216699221603374,286.083802429229,0.396533665788298,0.399412756221875,2016-07-19,2016-07-19,2016-07-19
"111",0.391379773959246,0.39508185475381,0.211670997155603,280.427021150334,0.39508185475381,0.397917502568722,2016-07-20,2016-07-19,2016-07-20
"112",0.389309085661881,0.396085255809274,0.213769021901408,279.48652898683,0.396085255809274,0.396927873838121,2016-07-21,2016-07-19,2016-07-21
"113",0.380771879594991,0.395735488965515,0.223185822438441,280.366466761023,0.395735488965515,0.396936422358066,2016-07-22,2016-07-19,2016-07-22
"114",0.383936692703569,0.396106427491784,0.220855653108244,280.086481297756,0.396106427491784,0.396957942231245,2016-07-23,2016-07-19,2016-07-23
"115",0.386012220118149,0.396482488462557,0.218694264247198,281.765642706102,0.396482488462557,0.397117341010107,2016-07-24,2016-07-19,2016-07-24
"116",0.392556132751211,0.39587690406066,0.210868719881834,277.186260333271,0.39587690406066,0.397544133779685,2016-07-25,2016-07-19,2016-07-25
"117",0.38184872036755,0.394394491367152,0.219982154379072,285.585098927993,0.394394491367152,0.396922156353935,2016-07-26,2016-07-19,2016-07-26
"118",0.371689368924127,0.394035213248519,0.234275417827355,284.145638749902,0.394035213248519,0.39622827652303,2016-07-27,2016-07-19,2016-07-27
"119",0.394917543321228,0.394162541413058,0.211567426791469,282.407635772019,0.394162541413058,0.397509410843125,2016-07-28,2016-07-19,2016-07-28
"120",0.381878299278288,0.397076005595955,0.220717923675779,284.166082181614,0.397076005595955,0.397509410843125,2016-07-29,2016-07-19,2016-07-29
"121",0.389907114557723,0.394497562958402,0.215335147282585,276.517639590211,0.394497562958402,0.397509410843125,2016-07-30,2016-07-19,2016-07-30
"122",0.383948193379038,0.392128814493667,0.223922992127295,290.453012462029,0.392128814493667,0.398702167523707,2016-07-31,2016-07-19,2016-07-31
"123",0.373765580160731,0.398084061483907,0.229538636470699,282.059500936147,0.398084061483907,0.398829151426845,2016-08-01,2016-07-19,2016-08-01
"124",0.384436879030175,0.395475288618963,0.22076016223173,277.778633761717,0.395475288618963,0.398829151426845,2016-08-02,2016-07-19,2016-08-02
"125",0.388202002614523,0.394117322497389,0.217680674888089,282.966361569047,0.394117322497389,0.396586874740385,2016-08-03,2016-07-19,2016-08-03
"126",0.390086143457953,0.394031655473365,0.216034952830367,280.947609489359,0.394031655473365,0.395100452490444,2016-08-04,2016-07-19,2016-08-04
"127",0.392188305642717,0.392536639035164,0.215831735794543,279.894582613269,0.392536639035164,0.394736426835466,2016-08-05,2016-07-19,2016-08-05
"128",0.387472921768616,0.392668955715906,0.218959787478697,284.531435686454,0.392668955715906,0.394447199046152,2016-08-06,2016-07-19,2016-08-06
"129",0.392548276712696,0.392474038724803,0.214954044182583,281.944061176954,0.392474038724803,0.393752299375083,2016-08-07,2016-07-19,2016-08-07
"130",0.387103053593453,0.391421950580194,0.220492937356635,280.464442505532,0.391421950580194,0.393615044486677,2016-08-08,2016-07-19,2016-08-08
"131",0.393988500129032,0.391075320690665,0.214292804596586,278.315640329315,0.391075320690665,0.394524206356742,2016-08-09,2016-07-19,2016-08-09
"132",0.379433034572146,0.393303250073398,0.225205313752086,285.944185383222,0.393303250073398,0.397091610626908,2016-08-10,2016-07-19,2016-08-10
"133",0.390607492039925,0.394592464053068,0.215543428476473,278.513661922805,0.394592464053068,0.397091610626908,2016-08-11,2016-07-19,2016-08-11
"134",0.391926497384183,0.393314942558365,0.2151561098386,284.296104676749,0.393314942558365,0.396844631679322,2016-08-12,2016-07-19,2016-08-12
"135",0.384538432706058,0.393837899798576,0.223161829886158,275.846379847303,0.393837899798576,0.395661193355857,2016-08-13,2016-07-19,2016-08-13
"136",0.388527236401884,0.393722969433087,0.218855268164948,279.567780587327,0.393722969433087,0.395375612393389,2016-08-14,2016-07-19,2016-08-14
"137",0.388080546309859,0.390788377289932,0.221685393246737,282.879481584504,0.390788377289932,0.394766787412547,2016-08-15,2016-07-19,2016-08-15
"138",0.384577667059741,0.393220677818954,0.221709416756525,284.53093732797,0.393220677818954,0.394802137877647,2016-08-16,2016-07-19,2016-08-16
"139",0.385345859005189,0.39413969017089,0.221592607138255,279.579244365866,0.39413969017089,0.394802137877647,2016-08-17,2016-07-19,2016-08-17
"140",0.384059564777463,0.390924895707894,0.226463387105126,279.552236402864,0.390924895707894,0.394329764997424,2016-08-18,2016-07-19,2016-08-18
"141",0.389057496614659,0.390296248485384,0.219965389772098,282.785989532938,0.390296248485384,0.392456481690797,2016-08-19,2016-07-19,2016-08-19
"142",0.391966802994891,0.390605604039398,0.217906622584403,281.75881749499,0.390605604039398,0.391805782792473,2016-08-20,2016-07-19,2016-08-20
"143",0.399527459336114,0.389619119433789,0.210385993493596,284.985503135058,0.389619119433789,0.391740328956306,2016-08-21,2016-07-19,2016-08-21
"144",0.387844926291275,0.39109982976773,0.221736417927892,284.351594210454,0.39109982976773,0.391535052437952,2016-08-22,2016-07-19,2016-08-22
"145",0.390234731942528,0.39002439861768,0.219642083206153,281.025584957854,0.39002439861768,0.391241354971966,2016-08-23,2016-07-19,2016-08-23
"146",0.395104005667125,0.389090197301064,0.215019452922901,281.961960680282,0.389090197301064,0.390858530951409,2016-08-24,2016-07-19,2016-08-24
"147",0.39196219222291,0.389412078842949,0.21874692072262,277.747157439879,0.389412078842949,0.391632740707627,2016-08-25,2016-07-19,2016-08-25
"148",0.388232901458946,0.39033699863138,0.219264257178271,283.536000650166,0.39033699863138,0.391632740707627,2016-08-26,2016-07-19,2016-08-26
"149",0.391917632640731,0.388285507263403,0.221045761917629,285.618326404873,0.388285507263403,0.391835607115097,2016-08-27,2016-07-19,2016-08-27
"150",0.394871744197508,0.389991139135235,0.214910655422074,280.931850627395,0.389991139135235,0.390965724802957,2016-08-28,2016-07-19,2016-08-28
"151",0.391406458509583,0.389317513960422,0.218084445534339,284.041659702426,0.389317513960422,0.390965724802957,2016-08-29,2016-07-19,2016-08-29
"152",0.397640396743065,0.387210864426059,0.21438137652849,278.189687506229,0.387210864426059,0.390560133175868,2016-08-30,2016-07-19,2016-08-30
"153",0.39041398136869,0.389360963643514,0.218536323777012,281.511886233192,0.389360963643514,0.391546858024425,2016-08-31,2016-07-19,2016-08-31
"154",0.390279277121694,0.389323531224354,0.219964226646339,280.515827098741,0.389323531224354,0.391546858024425,2016-09-01,2016-07-19,2016-09-01
"155",0.388937894172172,0.388089728271595,0.222100901561265,284.938103876309,0.388089728271595,0.390720960959085,2016-09-02,2016-07-19,2016-09-02
"156",0.396549751793081,0.386977191090808,0.216296039377742,282.559329960852,0.386977191090808,0.389113593996951,2016-09-03,2016-07-19,2016-09-03
"157",0.399334700097668,0.388135218315349,0.212517213509603,279.135464569779,0.388135218315349,0.388902574654572,2016-09-04,2016-07-19,2016-09-04
"158",0.396268665548874,0.386848540936307,0.218168384736291,285.841042044589,0.386848540936307,0.389159893743573,2016-09-05,2016-07-19,2016-09-05
"159",0.396205643375717,0.388866373694589,0.215472924769986,291.417159785997,0.388866373694589,0.392004056028875,2016-09-06,2016-07-19,2016-09-06
"160",0.393719698469701,0.391563921785007,0.216643784138809,283.266410178167,0.391563921785007,0.3921778185879,2016-09-07,2016-07-19,2016-09-07
"161",0.393768269488688,0.390990443153051,0.215241287358261,275.404053724578,0.390990443153051,0.3921778185879,2016-09-08,2016-07-19,2016-09-08
"162",0.394229625385592,0.389463688475013,0.214505522519726,278.342044128494,0.389463688475013,0.392999791697791,2016-09-09,2016-07-19,2016-09-09
"163",0.391307639806971,0.391526448172119,0.2160671576152,281.890506807577,0.391526448172119,0.392999791697791,2016-09-10,2016-07-19,2016-09-10
"164",0.39596879341874,0.386795141454577,0.216313307839364,278.377110164826,0.386795141454577,0.392999791697791,2016-09-12,2016-07-19,2016-09-12
"165",0.400854492370764,0.386110538887857,0.212184853817389,275.855299697458,0.386110538887857,0.388546389449926,2016-09-13,2016-07-19,2016-09-13
"166",0.398877870264702,0.384390880391498,0.217029820541305,288.55936829612,0.384390880391498,0.387945896948928,2016-09-14,2016-07-19,2016-09-14
"167",0.396270375282696,0.385495183861406,0.221629830225443,275.769945456581,0.385495183861406,0.387945896948928,2016-09-15,2016-07-19,2016-09-15
"168",0.405352936952749,0.383927404529391,0.210533638115124,273.727396375937,0.383927404529391,0.387079197948663,2016-09-16,2016-07-19,2016-09-16
"169",0.408174711743189,0.38355580294184,0.207618527901808,281.337227685424,0.38355580294184,0.391228406560689,2016-09-17,2016-07-19,2016-09-17
"170",0.388143182785894,0.391122120789631,0.221062314820683,288.339836017058,0.391122120789631,0.393413717934081,2016-09-18,2016-07-19,2016-09-18
"171",0.390418405907856,0.392487100030674,0.21709449406147,287.68586241319,0.392487100030674,0.393413717934081,2016-09-19,2016-07-19,2016-09-19
"172",0.401868393113277,0.386769705496225,0.212637156257158,284.452474234866,0.386769705496225,0.392969030713292,2016-09-20,2016-07-19,2016-09-20
"173",0.40000718328974,0.386400332143359,0.214056369725584,282.649239964977,0.386400332143359,0.388078786640277,2016-09-21,2016-07-19,2016-09-21
"174",0.402451396291226,0.38539933279572,0.212149270913054,278.804347526072,0.38539933279572,0.388486037245394,2016-09-22,2016-07-19,2016-09-22
"175",0.399603368177206,0.387746216897033,0.213139077865303,275.901137944095,0.387746216897033,0.388486037245394,2016-09-23,2016-07-19,2016-09-23
"176",0.39905064287592,0.384001972755577,0.216692341718282,288.601797770728,0.384001972755577,0.388486037245394,2016-09-24,2016-07-19,2016-09-24
"177",0.397608071857166,0.383616630027523,0.21877529811531,284.847729248736,0.383616630027523,0.385739988218233,2016-09-25,2016-07-19,2016-09-25
"178",0.406315743071356,0.380941974347843,0.211309385947405,280.358422488388,0.380941974347843,0.385482660522013,2016-09-26,2016-07-19,2016-09-26
"179",0.409423266716928,0.38428576931916,0.205866822698472,280.02280488422,0.38428576931916,0.385205587135841,2016-09-27,2016-07-19,2016-09-27
"180",0.397511593769334,0.384726805368042,0.217158025027566,284.257884414567,0.384726805368042,0.385205587135841,2016-09-28,2016-07-19,2016-09-28
"181",0.406314966000979,0.3825206119217,0.210776232512742,284.042346670429,0.3825206119217,0.385149486206308,2016-09-29,2016-07-19,2016-09-29
"182",0.403032629598001,0.383141535818306,0.214820887930688,283.651622885235,0.383141535818306,0.386362690971908,2016-09-30,2016-07-19,2016-09-30
"183",0.396200268789185,0.385581172174437,0.217117200081649,289.775660478332,0.385581172174437,0.387325461850324,2016-10-01,2016-07-19,2016-10-01
"184",0.401400420337667,0.385618267380397,0.214415554788966,284.706477586902,0.385618267380397,0.387325461850324,2016-10-02,2016-07-19,2016-10-02
"185",0.409315815422923,0.380208726804239,0.208719118631549,288.534163624124,0.380208726804239,0.386939783559015,2016-10-03,2016-07-19,2016-10-03
"186",0.406725246069179,0.382688478982636,0.210955919966709,283.887455320245,0.382688478982636,0.383747316001389,2016-10-04,2016-07-19,2016-10-04
"187",0.41419780404132,0.378574429207359,0.20768436923865,280.415318159723,0.378574429207359,0.383578401720751,2016-10-05,2016-07-19,2016-10-05
"188",0.419675761257131,0.37702329621107,0.202860907919757,280.08118183031,0.37702329621107,0.37940745167441,2016-10-06,2016-07-19,2016-10-06
"189",0.425647751161448,0.375327360153693,0.199538359638024,276.272326076723,0.375327360153693,0.378305193317455,2016-10-07,2016-07-19,2016-10-07
"190",0.429304497129335,0.377643463224615,0.19305203964605,282.234964524543,0.377643463224615,0.3842653214677,2016-10-08,2016-07-19,2016-10-08
"191",0.411455242110926,0.38401486563618,0.205405718074841,299.769500767472,0.38401486563618,0.3842653214677,2016-10-09,2016-07-19,2016-10-09
"192",0.426489376984085,0.373444744473062,0.199604359221092,292.497426170107,0.373444744473062,0.3842653214677,2016-10-10,2016-07-19,2016-10-10
"193",0.430952621071433,0.370602250432153,0.19778149954451,277.231733628157,0.370602250432153,0.373832693830532,2016-10-11,2016-07-19,2016-10-11
"194",0.437621056936756,0.368497851383547,0.194320697627123,276.032638647164,0.368497851383547,0.370992840366526,2016-10-12,2016-07-19,2016-10-12
"195",0.443913832119738,0.36799235724911,0.189050840890728,280.985538403505,0.36799235724911,0.369609295196049,2016-10-13,2016-07-19,2016-10-13
"196",0.444496744193747,0.363572970499242,0.19231941652207,283.496061434567,0.363572970499242,0.369609295196049,2016-10-14,2016-07-19,2016-10-14
"197",0.452199687906029,0.360001951462408,0.187592507644637,286.58596837187,0.360001951462408,0.363670527712129,2016-10-15,2016-07-19,2016-10-15
"198",0.459687054301527,0.362875280805002,0.178996742397689,285.174822622715,0.362875280805002,0.362962449145701,2016-10-16,2016-07-19,2016-10-16
"199",0.472905889732455,0.355374658192813,0.171239895734459,282.613387288945,0.355374658192813,0.362962449145701,2016-10-17,2016-07-19,2016-10-17
"200",0.476561159947372,0.3455404303106,0.17642789123184,292.747427320165,0.3455404303106,0.355421998250271,2016-10-18,2016-07-19,2016-10-18
"201",0.498261308741909,0.335088160413501,0.166354367845503,276.862584931786,0.335088160413501,0.345798111920251,2016-10-19,2016-07-19,2016-10-19
"202",0.507715687721362,0.330788921956733,0.160513947989632,280.80624128831,0.330788921956733,0.336587617852773,2016-10-20,2016-07-19,2016-10-20
"203",0.513196354799398,0.323963976480984,0.162839668719619,288.207766418612,0.323963976480984,0.331011410672539,2016-10-21,2016-07-19,2016-10-21
"204",0.514485348453045,0.319529333838291,0.165979900862636,285.921963195076,0.319529333838291,0.327971680564661,2016-10-22,2016-07-19,2016-10-22
"205",0.502363287180944,0.322650302032341,0.176199997137983,287.592611107107,0.322650302032341,0.324647171465062,2016-10-23,2016-07-19,2016-10-23
"206",0.50065829200204,0.321313428715357,0.177885629032187,288.640961080503,0.321313428715357,0.324302728322312,2016-10-24,2016-07-19,2016-10-24
"207",0.502913650510163,0.317552532647929,0.180165821057678,291.060585057526,0.317552532647929,0.321607221627233,2016-10-25,2016-07-19,2016-10-25
"208",0.492391037853225,0.318653981153334,0.190853479027947,285.533418386515,0.318653981153334,0.32050826616914,2016-10-26,2016-07-19,2016-10-26
"209",0.511945386746758,0.315046959979843,0.173157496284769,290.036867793928,0.315046959979843,0.320866699848883,2016-10-27,2016-07-19,2016-10-27
"210",0.501053217379244,0.32058495633366,0.178415023688261,292.668781751186,0.32058495633366,0.321687156390635,2016-10-28,2016-07-19,2016-10-28
"211",0.504992484465982,0.321456672533807,0.171956831798582,286.956961761337,0.321456672533807,0.321687156390635,2016-10-29,2016-07-19,2016-10-29
"212",0.508863774301017,0.314609947186842,0.177014116413422,289.160307356845,0.314609947186842,0.321630082691781,2016-10-31,2016-07-19,2016-10-31
"213",0.508298766011897,0.313774437607266,0.178322990574904,285.175997215326,0.313774437607266,0.317138933698023,2016-11-01,2016-07-19,2016-11-01
"214",0.528776873099477,0.308060096663484,0.163442351816941,286.450853419736,0.308060096663484,0.316172797363811,2016-11-02,2016-07-19,2016-11-02
"215",0.546072379851541,0.294759114233194,0.159168505915266,295.34224960553,0.294759114233194,0.311049919153392,2016-11-03,2016-07-19,2016-11-03
"216",0.531839167968719,0.292886349810973,0.17459682524746,300.194005590815,0.292886349810973,0.29645042936832,2016-11-04,2016-07-19,2016-11-04
"217",0.546949015524676,0.286127994847456,0.166922989627868,296.152890249195,0.286127994847456,0.29586503700066,2016-11-05,2016-07-19,2016-11-05
"218",0.530498214667481,0.288989316987952,0.180538754246459,292.889957846539,0.288989316987952,0.2946447042061,2016-11-06,2016-07-19,2016-11-06
"219",0.521803438795856,0.289514419088555,0.188195622616692,288.912350243276,0.289514419088555,0.295010410843741,2016-11-07,2016-07-19,2016-11-07
"220",0.519310206324152,0.289460289834816,0.192177725623499,290.08290845078,0.289460289834816,0.295010410843741,2016-11-08,2016-07-19,2016-11-08
"221",0.528655798109114,0.284115454591281,0.188223974005555,298.079309535821,0.284115454591281,0.295947222782936,2016-11-09,2016-07-19,2016-11-09
"222",0.500326227027177,0.295513118153846,0.204070086482083,304.28907245519,0.295513118153846,0.303822488437186,2016-11-10,2016-07-19,2016-11-10
"223",0.475906887588572,0.302762018460467,0.220717693534266,308.04109234046,0.302762018460467,0.306573173730041,2016-11-11,2016-07-19,2016-11-11
"224",0.468940654482448,0.306035951196043,0.225023394321509,303.187871947938,0.306035951196043,0.309211323982591,2016-11-12,2016-07-19,2016-11-12
"225",0.463741557103601,0.308673088908684,0.227760247326824,291.901656236918,0.308673088908684,0.311133478604289,2016-11-13,2016-07-19,2016-11-13
"226",0.460534260584459,0.310488641412495,0.229697520463523,292.744093685261,0.310488641412495,0.311578891873033,2016-11-14,2016-07-19,2016-11-14
"227",0.443325660405377,0.30985324067,0.246349897178,302.70726115978,0.30985324067,0.316974680097428,2016-11-15,2016-07-19,2016-11-15
"228",0.426426246729218,0.315715767218214,0.257571355019336,302.571597246608,0.315715767218214,0.320047695368673,2016-11-16,2016-07-19,2016-11-16
"229",0.433417257855567,0.319907514389192,0.246393612025423,299.499611280383,0.319907514389192,0.322271897267899,2016-11-17,2016-07-19,2016-11-17
"230",0.428667327444604,0.321944616488908,0.249388056066488,294.348225307104,0.321944616488908,0.322911498794163,2016-11-18,2016-07-19,2016-11-18
"231",0.428209047725011,0.3221868324949,0.249604119780089,294.972084257852,0.3221868324949,0.322911498794163,2016-11-19,2016-07-19,2016-11-19
"232",0.417815520857112,0.316919041522679,0.26453031421349,303.708423485105,0.316919041522679,0.323269202270068,2016-11-20,2016-07-19,2016-11-20
"233",0.404258122546172,0.32314464202248,0.272597235431349,287.314547007472,0.32314464202248,0.323269202270068,2016-11-21,2016-07-19,2016-11-21
"234",0.412480738144142,0.320802178566812,0.264984030827949,303.371861299934,0.320802178566812,0.323269202270068,2016-11-22,2016-07-19,2016-11-22
"235",0.415081158970961,0.320782415563739,0.263051984230676,290.939993038315,0.320782415563739,0.322965367811316,2016-11-23,2016-07-19,2016-11-23
"236",0.40247870404457,0.322407021148049,0.276255585229272,289.557270590256,0.322407021148049,0.322842795053758,2016-11-24,2016-07-19,2016-11-24
"237",0.416237617344839,0.314178047798846,0.269721034171819,329.686205897191,0.314178047798846,0.322737986117632,2016-11-25,2016-07-19,2016-11-25
"238",0.425253033599065,0.316883264467141,0.256518761426115,304.049363557881,0.316883264467141,0.321843394766703,2016-11-26,2016-07-19,2016-11-26
"239",0.417810118737275,0.317890339661471,0.264299541601255,304.832315404184,0.317890339661471,0.321843394766703,2016-11-27,2016-07-19,2016-11-27
"240",0.422313964969331,0.321049523552594,0.256235749156892,301.061095683295,0.321049523552594,0.321843394766703,2016-11-28,2016-07-19,2016-11-28
"241",0.412094155588896,0.316047559625556,0.272474816512385,321.408365675521,0.316047559625556,0.321512824835695,2016-11-29,2016-07-19,2016-11-29
"242",0.424812657359323,0.314978173646919,0.259956256292375,309.500338117064,0.314978173646919,0.322311317878408,2016-11-30,2016-07-19,2016-11-30
"243",0.418656898842967,0.321668366114455,0.257909574946507,302.5777615577,0.321668366114455,0.322311317878408,2016-12-01,2016-07-19,2016-12-01
